Participant ,Learning_Method,Condition_1,Condition_2
A,(1)Rote,0.5,0.333333333
B,(1)Rote,0.5,0.5
C,(1)Rote,0,0.333333333
D,(1)Rote,0.666666667,0.666666667
E,(1)Rote,0,0
F,(2)Visual,0.5,0.166666667
G,(2)Visual,0.666666667,0.5
H,(2)Visual,0.666666667,0.333333333
I,(2)Visual,1,0.5
J,(2)Visual,1,0.166666667